news title, news Link 
News Title: VIDEO: How Lagos State left me to suffer, after demolishing my property, source of living without compensation --78-year-old widow, 
 News Link : https://punchng.com/video-how-lagos-state-left-me-to-suffer-after-demolishing-my-property-source-of-living-without-compensation-78-year-old-widow/  
 
 
 ===   ===  ===  
 
 News Title: VIDEO: So This Happened (127) reviews Indonesian man’s marriage to rice cooker, IPOB sit-at-home order, other, 
 News Link : https://punchng.com/video-so-this-happened-127-reviews-indonesian-mans-marriage-to-rice-cooker-ipob-sit-at-home-order-other/  
 
 
 ===   ===  ===  
 
 News Title: VIDEO: Nigerian actor, Chiwetalu Agu assaulted by soldiers for wearing Biafran outfit in Anambra, 
 News Link : https://punchng.com/video-nigerian-actor-chiwetalu-agu-assaulted-by-soldiers-for-wearing-biafran-outfit-in-anambra/  
 
 
 ===   ===  ===  
 
 News Title: VIDEO: Ishefun PHC, Lagos' substandard public facility, 
 News Link : https://punchng.com/video-ishefun-phc-lagos-substandard-public-facility/  
 
 
 ===   ===  ===  
 
 News Title: VIDEO: Gunmen allegedly set home of aide to Lagos State governor on fire in Anambra State, 
 News Link : https://punchng.com/video-gunmen-allegedly-set-home-of-aide-to-lagos-state-governor-on-fire-in-anambra-state/  
 
 
 ===   ===  ===  
 
 News Title: Man uses boy as ‘collateral’ to steal two bags of rice from Lagos shop, 
 News Link : https://punchng.com/man-uses-boy-as-collateral-to-steal-two-bags-of-rice-from-lagos-shop/  
 
 
 ===   ===  ===  
 
 News Title: I slept fitfully night I witnessed robbery on Eko Bridge –Bank worker, 
 News Link : https://punchng.com/i-slept-fitfully-night-i-witnessed-robbery-on-eko-bridge-bank-worker/  
 
 
 ===   ===  ===  
 
 News Title: Proscribed vigilance group kills 11 in Sokoto market, 
 News Link : https://punchng.com/proscribed-vigilance-group-kills-11-in-sokoto-market/  
 
 
 ===   ===  ===  
 
 News Title: Man shot as customs officials storm Katsina community, 
 News Link : https://punchng.com/man-shot-as-customs-officials-storm-katsina-community/  
 
 
 ===   ===  ===  
 
 News Title: Jubilation as Fayemi presents staff of office to Olukere, 
 News Link : https://punchng.com/jubilation-as-fayemi-presents-staff-of-office-to-olukere/  
 
 
 ===   ===  ===  
 
 News Title: Electrocution: Youths ask Lagos pastor to turn himself in to police, 
 News Link : https://punchng.com/electrocution-youths-ask-lagos-pastor-to-turn-himself-in-to-police/  
 
 
 ===   ===  ===  
 
 News Title: Residents, motorists beg for repairs as Ondo inner, federal roads worsen, 
 News Link : https://punchng.com/residents-motorists-beg-for-repairs-as-ondo-inner-federal-roads-worsen/  
 
 
 ===   ===  ===  
 
 News Title: Osun couple found dead at home buried without autopsy, house help held, 
 News Link : https://punchng.com/osun-couple-found-dead-at-home-buried-without-autopsy-house-help-held/  
 
 
 ===   ===  ===  
 
 News Title: Deficit: Explore concessions, PPP, NACCIMA tell FG, 
 News Link : https://punchng.com/deficit-explore-concessions-ppp-naccima-tell-fg/  
 
 
 ===   ===  ===  
 
 News Title: FG to sanction MDAs that fail revenue targets, 
 News Link : https://punchng.com/fg-to-sanction-mdas-that-fail-revenue-targets/  
 
 
 ===   ===  ===  
 
 News Title: Winners emerge in UBA savings promo, 
 News Link : https://punchng.com/winners-emerge-in-uba-savings-promo/  
 
 
 ===   ===  ===  
 
 News Title: MTN gets SEC’s nod for N89.99bn series II bond, 
 News Link : https://punchng.com/mtn-gets-secs-nod-for-n89-99bn-series-ii-bond/  
 
 
 ===   ===  ===  
 
 News Title: Debt servicing cost rises to N2.9tn, gulps 74% of revenue —FG, 
 News Link : https://punchng.com/debt-servicing-cost-rises-to-n2-9tn-gulps-74-of-revenue-fg/  
 
 
 ===   ===  ===  
 
 News Title: Reps propose compensation for airport neighbours over noise, emission, 
 News Link : https://punchng.com/reps-propose-compensation-for-airport-neighbours-over-noise-emission/  
 
 
 ===   ===  ===  
 
 News Title: Calibre of politicians seeking 2023 presidency can’t save Nigeria – PANDEF, 
 News Link : https://punchng.com/calibre-of-politicians-seeking-2023-presidency-cant-save-nigeria-pandef/  
 
 
 ===   ===  ===  
 
 News Title: Anambra poll: INEC seeks schools closure, to deploy 26,000 ad hoc staff, 
 News Link : https://punchng.com/anambra-poll-inec-seeks-schools-closure-to-deploy-26000-ad-hoc-staff/  
 
 
 ===   ===  ===  
 
 News Title: 2023: Race for Buhari’s successor triggers debate on national unity, 
 News Link : https://punchng.com/2023-race-for-buharis-successor-triggers-debate-on-national-unity/  
 
 
 ===   ===  ===  
 
 News Title: 2023: Ethno-religious politics will take us nowhere, says Olawepo-Hashim, 
 News Link : https://punchng.com/2023-ethno-religious-politics-will-take-us-nowhere-says-olawepo-hashim/  
 
 
 ===   ===  ===  
 
 News Title: Tinubu returns to Nigeria from London after three-month medical trip, 
 News Link : https://punchng.com/tinubu-returns-to-nigeria-from-london-after-three-month-medical-trip/  
 
 
 ===   ===  ===  
 
 News Title: 2023 presidency: Tinubu already has 12m votes in the bag, says SWAGA, 
 News Link : https://punchng.com/2023-presidency-tinubu-already-has-12m-votes-in-the-bag-says-swaga/  
 
 
 ===   ===  ===  
 
 News Title: Presidency: Sanwo-Olu inaugurates South-West Agenda 2023, says there is hope for Tinubu, 
 News Link : https://punchng.com/presidency-sanwo-olu-inaugurates-south-west-agenda-2023-says-there-is-hope-for-tinubu/  
 
 
 ===   ===  ===  
 
 News Title: Chairmanship: PDP govs insist on North, NEC adopts zoning report, 
 News Link : https://punchng.com/chairmanship-pdp-govs-insist-on-north-nec-adopts-zoning-report/  
 
 
 ===   ===  ===  
 
 News Title: Michael Jordan, Stephen Curry snubbed in NBA 75th anniversary video, 
 News Link : https://punchng.com/michael-jordan-stephen-curry-snubbed-in-nba-75th-anniversary-video/  
 
 
 ===   ===  ===  
 
 News Title: Sack Rohr now, fans, Ex-Eagles, tell NFF, 
 News Link : https://punchng.com/sack-rohr-now-fans-ex-eagles-tell-nff/  
 
 
 ===   ===  ===  
 
 News Title: United will benefit from Ronaldo’s leadership qualities – BBN housemate Kemen, 
 News Link : https://punchng.com/united-will-benefit-from-ronaldos-leadership-qualities-bbn-housemate-kemen/  
 
 
 ===   ===  ===  
 
 News Title: Ajagba aims for 16th career win against Sanchez, 
 News Link : https://punchng.com/ajagba-aims-for-16th-career-win-against-sanchez/  
 
 
 ===   ===  ===  
 
 News Title: NFF takes blames for Eagles defeat, 
 News Link : https://punchng.com/nff-takes-blames-for-eagles-defeat/  
 
 
 ===   ===  ===  
 
 News Title: I’ll celebrate Eagles win with my wife – Savoy, 
 News Link : https://punchng.com/ill-celebrate-eagles-win-with-my-wife-savoy/  
 
 
 ===   ===  ===  
 
 News Title: End this Ajaokuta pipe dream now, 
 News Link : https://punchng.com/end-this-ajaokuta-pipe-dream-now/,  
 
 
 ===   ===  ===  
 
 News Title: Sickle cell and nutrition (II), 
 News Link : https://punchng.com/sickle-cell-and-nutrition-ii/  
 
 
 ===   ===  ===  
 
 News Title: What to know about laparoscopy, hysteroscopy in managing infertility, 
 News Link : https://punchng.com/what-to-know-about-laparoscopy-hysteroscopy-in-managing-infertility/  
 
 
 ===   ===  ===  
 
 News Title: Girls, don’t let any guy destroy your spiritual beauty, 
 News Link : https://punchng.com/girls-dont-let-any-guy-destroy-your-spiritual-beauty/  
 
 
 ===   ===  ===  
 
 News Title: Playful moments are simple acts of caring in marriage, 
 News Link : https://punchng.com/playful-moments-are-simple-acts-of-caring-in-marriage/  
 
 
 ===   ===  ===  
 
 News Title: 5 Reasons betBonanza is the Best Sports Betting Site in Nigeria, 
 News Link : https://punchng.com/5-reasons-betbonanza-is-the-best-sports-betting-site-in-nigeria/  
 
 
 ===   ===  ===  
 
 News Title: Subscribe To Epunch, 
 News Link : https://punchng.com/download-the-new-punch-app-2/  
 
 
 ===   ===  ===  
 
 News Title: Join PUNCH on Telegram, 
 News Link : https://punchng.com/join-punch-on-telegram/  
 
 
 ===   ===  ===  
 
 News Title: Download the new PUNCH app, 
 News Link : https://punchng.com/download-the-new-punch-app/  
 
 
 ===   ===  ===  
 
 News Title: 5 Reasons betBonanza is the Best Sports Betting Site in Nigeria, 
 News Link : https://punchng.com/5-reasons-betbonanza-is-the-best-sports-betting-site-in-nigeria/  
 
 
 ===   ===  ===  
 
 News Title: Subscribe To Epunch, 
 News Link : https://punchng.com/download-the-new-punch-app-2/  
 
 
 ===   ===  ===  
 
 News Title: Join PUNCH on Telegram, 
 News Link : https://punchng.com/join-punch-on-telegram/  
 
 
 ===   ===  ===  
 
 News Title: Download the new PUNCH app, 
 News Link : https://punchng.com/download-the-new-punch-app/  
 
 
 ===   ===  ===  
 
 News Title: US varsity appoints Nigerian, Shitta-Bey, Professor of Philosophy, 
 News Link : https://punchng.com/us-varsity-appoints-nigerian-shitta-bey-professor-of-philosophy/  
 
 
 ===   ===  ===  
 
 News Title: Five things to know about Nigerian-born Pamela Uba, first black Miss Ireland, 
 News Link : https://punchng.com/five-things-to-know-about-nigerian-born-pamela-uba-first-black-miss-ireland/  
 
 
 ===   ===  ===  
 
 News Title: US-based Nigerian, Adebara, jailed four years for romance scam, money laundering, 
 News Link : https://punchng.com/us-based-nigerian-adebara-jailed-four-years-for-romance-scam-money-laundering/  
 
 
 ===   ===  ===  
 
 News Title: People are often amazed I was raised and educated in Nigeria – Award-winning Canada-based Nigerian doctor, Williams, 
 News Link : https://punchng.com/people-are-often-amazed-i-was-raised-and-educated-in-nigeria-award-winning-canada-based-nigerian-doctor-williams/  
 
 
 ===   ===  ===  
 
 News Title: UPDATED: UNILAG alumnus wins American Bar Association’s human rights award, 
 News Link : https://punchng.com/updated-unilag-alumnus-wins-american-bar-associations-human-rights-award/  
 
 
 ===   ===  ===  
 
 News Title: Nigerian Oluwatuyi Olowoyeye graduates with 5.0 CGPA from Hungarian University, 
 News Link : https://punchng.com/nigerian-oluwatuyi-olowoyeye-graduates-with-5-0-cgpa-from-hungarian-university/  
 
 
 ===   ===  ===  
 
 News Title: 42-year-old Nigerian Yekemi Otaru appointed Scotland varsity chancellor, 
 News Link : https://punchng.com/42-year-old-nigerian-yekemi-otaru-appointed-scotland-varsity-chancellor/  
 
 
 ===   ===  ===  
 
 News Title: My fourth studio album coming soon -Adekunle Gold, 
 News Link : https://punchng.com/my-fourth-studio-album-coming-soon-adekunle-gold/  
 
 
 ===   ===  ===  
 
 News Title: I was shocked BBNaija critics spread death rumours about me - Host Ebuka, 
 News Link : https://punchng.com/i-was-shocked-bbnaija-critics-spread-death-rumours-about-me-host-ebuka/  
 
 
 ===   ===  ===  
 
 News Title: 2Baba’s lawsuit: No more comments, says Brymo, 
 News Link : https://punchng.com/2babas-lawsuit-no-more-comments-says-brymo/  
 
 
 ===   ===  ===  
 
 News Title: Support, knocks for Tiwa Savage over intimacy video, fans condemn blackmailer, 
 News Link : https://punchng.com/support-knocks-for-tiwa-savage-over-intimacy-video-fans-condemn-blackmailer/  
 
 
 ===   ===  ===  
 
 News Title: I want to reopen my salon, write books –Liquorose, 
 News Link : https://punchng.com/i-want-to-reopen-my-salon-write-books-liquorose/  
 
 
 ===   ===  ===  
 
 